ts	unit	archived_from	commit_sha	source_files	note
2026-07-14T02:40:16Z	fix-10	reports/build_fix-10_r1.md	645e081	build_fix-10_r1.md	auto-prune
2026-07-14T02:40:16Z	fix-10	reports/qa_fix-10_r1.md	645e081	qa_fix-10_r1.md	auto-prune
2026-07-14T02:40:16Z	fix-11	reports/build_fix-11_r1.md	972dabd	build_fix-11_r1.md	auto-prune
2026-07-14T02:40:16Z	fix-11	reports/qa_fix-11_r1.md	972dabd	qa_fix-11_r1.md	auto-prune
2026-07-14T02:40:16Z	fix-4	reports/build_fix-4_r1.md	b367998	build_fix-4_r1.md	auto-prune
2026-07-14T02:40:16Z	fix-4	reports/qa_fix-4_r1.md	b367998	qa_fix-4_r1.md	auto-prune
2026-07-14T02:40:16Z	fix-5	reports/build_fix-5_r1.md	fa08b9d	build_fix-5_r1.md	auto-prune
2026-07-14T02:40:16Z	fix-5	reports/qa_fix-5_r1.md	fa08b9d	qa_fix-5_r1.md	auto-prune
2026-07-14T02:40:16Z	fix-6	reports/build_fix-6_r1.md	c47eab8	build_fix-6_r1.md	auto-prune
2026-07-14T02:40:16Z	fix-6	reports/build_fix-6_r2.md	c47eab8	build_fix-6_r2.md	auto-prune
2026-07-14T02:40:16Z	fix-6	reports/qa_fix-6_r1.md	c47eab8	qa_fix-6_r1.md	auto-prune
2026-07-14T02:40:16Z	fix-6	reports/qa_fix-6_r2.md	c47eab8	qa_fix-6_r2.md	auto-prune
2026-07-14T02:40:16Z	fix-7	reports/build_fix-7_r1.md	d251a1e	build_fix-7_r1.md	auto-prune
2026-07-14T02:40:16Z	fix-7	reports/qa_fix-7_r1.md	d251a1e	qa_fix-7_r1.md	auto-prune
2026-07-14T02:40:16Z	fix-9	reports/build_fix-9_r1.md	d8ff071	build_fix-9_r1.md	auto-prune
2026-07-14T02:40:16Z	fix-9	reports/qa_fix-9_r1.md	d8ff071	qa_fix-9_r1.md	auto-prune
2026-07-14T02:40:16Z	fix-M2	reports/build_fix-M2_r1.md	589ef56	build_fix-M2_r1.md	auto-prune
2026-07-14T02:40:16Z	fix-M2	reports/qa_fix-M2_r1.md	589ef56	qa_fix-M2_r1.md	auto-prune
2026-07-14T02:40:16Z	fix-M3a	reports/build_fix-M3a_r1.md	2df9d10	build_fix-M3a_r1.md	auto-prune
2026-07-14T02:40:16Z	fix-M3a	reports/qa_fix-M3a_r1.md	2df9d10	qa_fix-M3a_r1.md	auto-prune
2026-07-14T02:40:16Z	fix-M3b	reports/build_fix-M3b_r1.md	07d774f	build_fix-M3b_r1.md	auto-prune
2026-07-14T02:40:16Z	fix-M3b	reports/qa_fix-M3b_r1.md	07d774f	qa_fix-M3b_r1.md	auto-prune
2026-07-14T02:40:16Z	phase3a	reports/build_phase3a_r1.md	38a8d34	build_phase3a_r1.md	auto-prune
2026-07-14T02:40:16Z	phase3a	reports/qa_phase3a_r1.md	38a8d34	qa_phase3a_r1.md	auto-prune
2026-07-14T02:40:16Z	phase3b	reports/build_phase3b_r1.md	edf730b	build_phase3b_r1.md	auto-prune
2026-07-14T02:40:16Z	phase3b	reports/qa_phase3b_r1.md	edf730b	qa_phase3b_r1.md	auto-prune
2026-07-14T02:40:16Z	pr-codex-fix-1	reports/build_pr-codex-fix-1_r1.md	65f2e26	build_pr-codex-fix-1_r1.md	auto-prune
2026-07-14T02:40:16Z	pr-codex-fix-1	reports/qa_pr-codex-fix-1_r1.md	65f2e26	qa_pr-codex-fix-1_r1.md	auto-prune
2026-07-14T02:40:16Z	pr-codex-fix-1	reports/qa_pr-codex-fix-1_r2.md	65f2e26	qa_pr-codex-fix-1_r2.md	auto-prune
2026-07-14T02:40:16Z	pr-codex-fix-1	reports/qa_pr-codex-fix-1_r3.md	65f2e26	qa_pr-codex-fix-1_r3.md	auto-prune
2026-07-14T02:40:16Z	pr-codex-fix-3	reports/build_pr-codex-fix-3_r1.md	d0ef6ab	build_pr-codex-fix-3_r1.md	auto-prune
2026-07-14T02:40:16Z	pr-codex-fix-3	reports/qa_pr-codex-fix-3_r1.md	d0ef6ab	qa_pr-codex-fix-3_r1.md	auto-prune
2026-07-14T02:40:16Z	pr-codex-fix-3	reports/qa_pr-codex-fix-3_r2.md	d0ef6ab	qa_pr-codex-fix-3_r2.md	auto-prune
2026-07-14T02:40:16Z	pr-codex-fix-4	reports/build_pr-codex-fix-4_r1.md	e79689a	build_pr-codex-fix-4_r1.md	auto-prune
2026-07-14T02:40:16Z	pr-codex-fix-4	reports/qa_pr-codex-fix-4_r1.md	e79689a	qa_pr-codex-fix-4_r1.md	auto-prune
2026-07-14T02:40:16Z	pr-codex-fix-4	reports/qa_pr-codex-fix-4_r2.md	e79689a	qa_pr-codex-fix-4_r2.md	auto-prune
2026-07-14T02:40:16Z	pr-course-1-2	reports/build_pr-course-1-2_r1.md	95ead9b	build_pr-course-1-2_r1.md	auto-prune
2026-07-14T02:40:16Z	pr-course-3	reports/build_pr-course-3_r1.md	72f9eb1	build_pr-course-3_r1.md	auto-prune
2026-07-14T02:40:16Z	pr-dash-1a	reports/build_pr-dash-1a_r1.md	0a68908	build_pr-dash-1a_r1.md	auto-prune
2026-07-14T02:40:16Z	pr-dash-1b	reports/build_pr-dash-1b_r1.md	a73e3ad	build_pr-dash-1b_r1.md	auto-prune
2026-07-14T02:40:16Z	pr-dash-1c	reports/build_pr-dash-1c_r1.md	492103b	build_pr-dash-1c_r1.md	auto-prune
2026-07-14T02:40:17Z	pr-dash-1d	reports/build_pr-dash-1d_r1.md	72b8249	build_pr-dash-1d_r1.md	auto-prune
2026-07-14T02:40:17Z	pr-dash-1e	reports/build_pr-dash-1e_r1.md	9518b8d	build_pr-dash-1e_r1.md	auto-prune
2026-07-14T02:40:17Z	pr-sim-1a	reports/build_pr-sim-1a_r1.md	ca3e6d6	build_pr-sim-1a_r1.md	auto-prune
2026-07-14T02:40:17Z	pr-sim-1b	reports/build_pr-sim-1b_r1.md	c51ba8d	build_pr-sim-1b_r1.md	auto-prune
2026-07-14T02:40:17Z	pr-sim-1c	reports/build_pr-sim-1c_r1.md	86c99b0	build_pr-sim-1c_r1.md	auto-prune
2026-07-14T02:40:17Z	pr-sim-3	reports/build_pr-sim-3_r1.md	698906a	build_pr-sim-3_r1.md	auto-prune
2026-07-14T02:40:17Z	pr-stu-1	reports/build_pr-stu-1_r1.md	7eff6c9	build_pr-stu-1_r1.md	auto-prune
2026-07-14T02:40:17Z	pr-stu-2	reports/build_pr-stu-2_r1.md	6a46834	build_pr-stu-2_r1.md	auto-prune
2026-07-14T02:40:17Z	pr-stu-3	reports/build_pr-stu-3_r1.md	4291a01	build_pr-stu-3_r1.md	auto-prune
